{"cameraMode":{"drawMode":0,"name":"Shaded","section":"Shading Mode"},"sceneLighting":false,"audioPlay":false,"sceneViewState":{"showFog":true,"showMaterialUpdate":false,"showSkybox":false,"showFlares":true,"showImageEffects":true,"showParticleSystems":true},"in2DMode":false,"pivot":{"x":8.13010025024414,"y":0.11079999804496765,"z":-0.016100000590085985},"rotation":{"x":-0.04923404008150101,"y":-0.923626184463501,"z":0.1268969476222992,"w":-0.3583124279975891},"size":0.025114288553595544,"orthographic":false}